[{"id":"bitcoin","symbol":"btc","name":"Bitcoin","image":"https://assets.coingecko.com/coins/images/1/large/bitcoin.png?1696501400","current_price":42907,"market_cap":840920297631,"market_cap_rank":1,"fully_diluted_valuation":901043497684,"total_volume":10805145107,"high_24h":43088,"low_24h":42553,"price_change_24h":52.1,"price_change_percentage_24h":0.12158,"market_cap_change_24h":681621500,"market_cap_change_percentage_24h":0.08112,"circulating_supply":19598750.0,"total_supply":21000000.0,"max_supply":21000000.0,"ath":69045,"ath_change_percentage":-37.84815,"ath_date":"2021-11-10T14:24:11.849Z","atl":67.81,"atl_change_percentage":63184.51783,"atl_date":"2013-07-06T00:00:00.000Z","roi":null,"last_updated":"2024-01-14T19:10:30.286Z"},{"id":"ethereum","symbol":"eth","name":"Ethereum","image":"https://assets.coingecko.com/coins/images/279/large/ethereum.png?1696501628","current_price":2532.96,"market_cap":304210896513,"market_cap_rank":2,"fully_diluted_valuation":304210896513,"total_volume":12383221039,"high_24h":2585.24,"low_24h":2522.67,"price_change_24h":-31.211082601825183,"price_change_percentage_24h":-1.2172,"market_cap_change_24h":-3527411903.3134155,"market_cap_change_percentage_24h":-1.14624,"circulating_supply":120181730.757895,"total_supply":120181730.757895,"max_supply":null,"ath":4878.26,"ath_change_percentage":-48.11648,"ath_date":"2021-11-10T14:24:19.604Z","atl":0.432979,"atl_change_percentage":584458.11814,"atl_date":"2015-10-20T00:00:00.000Z","roi":{"times":77.9357273640792,"currency":"btc","percentage":7793.57273640792},"last_updated":"2024-01-14T19:10:23.249Z"},{"id":"tether","symbol":"usdt","name":"Tether","image":"https://assets.coingecko.com/coins/images/325/large/Tether.png?1696501661","current_price":0.999869,"market_cap":95076765206,"market_cap_rank":3,"fully_diluted_valuation":95076765206,"total_volume":25249057136,"high_24h":1.002,"low_24h":0.998258,"price_change_24h":-0.000119430353853089,"price_change_percentage_24h":-0.01194,"market_cap_change_24h":68914805,"market_cap_change_percentage_24h":0.07254,"circulating_supply":95010835101.6347,"total_supply":95010835101.6347,"max_supply":null,"ath":1.32,"ath_change_percentage":-24.3921,"ath_date":"2018-07-24T00:00:00.000Z","atl":0.572521,"atl_change_percentage":74.72976,"atl_date":"2015-03-02T00:00:00.000Z","roi":null,"last_updated":"2024-01-14T19:10:21.311Z"},{"id":"binancecoin","symbol":"bnb","name":"BNB","image":"https://assets.coingecko.com/coins/images/825/large/bnb-icon2_2x.png?1696501970","current_price":306.11,"market_cap":47096207887,"market_cap_rank":4,"fully_diluted_valuation":47096207887,"total_volume":560709840,"high_24h":306.47,"low_24h":300.47,"price_change_24h":3.63,"price_change_percentage_24h":1.19907,"market_cap_change_24h":541465983,"market_cap_change_percentage_24h":1.16307,"circulating_supply":153856150.0,"total_supply":153856150.0,"max_supply":200000000.0,"ath":686.31,"ath_change_percentage":-55.43716,"ath_date":"2021-05-10T07:24:17.097Z","atl":0.0398177,"atl_change_percentage":767994.84673,"atl_date":"2017-10-19T00:00:00.000Z","roi":null,"last_updated":"2024-01-14T19:10:03.371Z"},{"id":"solana","symbol":"sol","name":"Solana","image":"https://assets.coingecko.com/coins/images/4128/large/solana.png?1696504756","current_price":99.18,"market_cap":42831505868,"market_cap_rank":5,"fully_diluted_valuation":56151206743,"total_volume":2502528055,"high_24h":101.99,"low_24h":93.91,"price_change_24h":5.14,"price_change_percentage_24h":5.462,"market_cap_change_24h":2422127079,"market_cap_change_percentage_24h":5.99397,"circulating_supply":432546109.052888,"total_supply":567058885.815114,"max_supply":null,"ath":259.96,"ath_change_percentage":-61.90868,"ath_date":"2021-11-06T21:54:35.825Z","atl":0.500801,"atl_change_percentage":19672.7001,"atl_date":"2020-05-11T19:35:23.449Z","roi":null,"last_updated":"2024-01-14T19:10:03.886Z"},{"id":"ripple","symbol":"xrp","name":"XRP","image":"https://assets.coingecko.com/coins/images/44/large/xrp-symbol-white-128.png?1696501442","current_price":0.582935,"market_cap":31691489706,"market_cap_rank":6,"fully_diluted_valuation":58392384106,"total_volume":527475694,"high_24h":0.585845,"low_24h":0.572039,"price_change_24h":0.00878481,"price_change_percentage_24h":1.53006,"market_cap_change_24h":532899461,"market_cap_change_percentage_24h":1.71028,"circulating_supply":54266821529.0,"total_supply":99988013070.0,"max_supply":100000000000.0,"ath":3.4,"ath_change_percentage":-82.79927,"ath_date":"2018-01-07T00:00:00.000Z","atl":0.00268621,"atl_change_percentage":21661.47157,"atl_date":"2014-05-22T00:00:00.000Z","roi":null,"last_updated":"2024-01-14T19:10:11.396Z"},{"id":"usd-coin","symbol":"usdc","name":"USDC","image":"https://assets.coingecko.com/coins/images/6319/large/usdc.png?1696506694","current_price":1.001,"market_cap":25476356202,"market_cap_rank":7,"fully_diluted_valuation":25476368029,"total_volume":7232693347,"high_24h":1.002,"low_24h":0.997993,"price_change_24h":0.00095006,"price_change_percentage_24h":0.09504,"market_cap_change_24h":-23549054.26782608,"market_cap_change_percentage_24h":-0.09235,"circulating_supply":25481613773.4344,"total_supply":25481625602.4413,"max_supply":null,"ath":1.17,"ath_change_percentage":-14.72071,"ath_date":"2019-05-08T00:40:28.300Z","atl":0.877647,"atl_change_percentage":13.94968,"atl_date":"2023-03-11T08:02:13.981Z","roi":null,"last_updated":"2024-01-14T19:10:19.881Z"},{"id":"staked-ether","symbol":"steth","name":"Lido Staked Ether","image":"https://assets.coingecko.com/coins/images/13442/large/steth_logo.png?1696513206","current_price":2527.85,"market_cap":23542086988,"market_cap_rank":8,"fully_diluted_valuation":23542086988,"total_volume":14782223,"high_24h":2581.61,"low_24h":2521.51,"price_change_24h":-34.87279135111794,"price_change_percentage_24h":-1.36077,"market_cap_change_24h":-331265874.62415314,"market_cap_change_percentage_24h":-1.3876,"circulating_supply":9316431.92185609,"total_supply":9316431.92185609,"max_supply":9316431.92185609,"ath":4829.57,"ath_change_percentage":-47.69476,"ath_date":"2021-11-10T14:40:47.256Z","atl":482.9,"atl_change_percentage":423.11827,"atl_date":"2020-12-22T04:08:21.854Z","roi":null,"last_updated":"2024-01-14T19:10:25.295Z"},{"id":"cardano","symbol":"ada","name":"Cardano","image":"https://assets.coingecko.com/coins/images/975/large/cardano.png?1696502090","current_price":0.545157,"market_cap":19119521819,"market_cap_rank":9,"fully_diluted_valuation":24538454690,"total_volume":289554896,"high_24h":0.550715,"low_24h":0.540559,"price_change_24h":-0.001297884841329644,"price_change_percentage_24h":-0.23751,"market_cap_change_24h":30910058,"market_cap_change_percentage_24h":0.16193,"circulating_supply":35062455754.9956,"total_supply":45000000000.0,"max_supply":45000000000.0,"ath":3.09,"ath_change_percentage":-82.33512,"ath_date":"2021-09-02T06:00:10.474Z","atl":0.01925275,"atl_change_percentage":2732.31787,"atl_date":"2020-03-13T02:22:55.044Z","roi":null,"last_updated":"2024-01-14T19:10:03.626Z"},{"id":"avalanche-2","symbol":"avax","name":"Avalanche","image":"https://assets.coingecko.com/coins/images/12559/large/Avalanche_Circle_RedWhite_Trans.png?1696512369","current_price":36.82,"market_cap":13501181945,"market_cap_rank":10,"fully_diluted_valuation":16006357304,"total_volume":584251936,"high_24h":37.75,"low_24h":35.88,"price_change_24h":0.596075,"price_change_percentage_24h":1.64538,"market_cap_change_24h":228515351,"market_cap_change_percentage_24h":1.7217,"circulating_supply":366647334.524276,"total_supply":434679590.619963,"max_supply":720000000.0,"ath":144.96,"ath_change_percentage":-74.5988,"ath_date":"2021-11-21T14:18:56.538Z","atl":2.8,"atl_change_percentage":1214.56767,"atl_date":"2020-12-31T13:15:21.540Z","roi":null,"last_updated":"2024-01-14T19:10:10.194Z"},{"id":"dogecoin","symbol":"doge","name":"Dogecoin","image":"https://assets.coingecko.com/coins/images/5/large/dogecoin.png?1696501409","current_price":0.081522,"market_cap":11640742711,"market_cap_rank":11,"fully_diluted_valuation":11640733735,"total_volume":447434506,"high_24h":0.083654,"low_24h":0.080295,"price_change_24h":0.00061624,"price_change_percentage_24h":0.76168,"market_cap_change_24h":120126718,"market_cap_change_percentage_24h":1.04271,"circulating_supply":142652866383.705,"total_supply":142652756383.705,"max_supply":null,"ath":0.731578,"ath_change_percentage":-88.84713,"ath_date":"2021-05-08T05:08:23.458Z","atl":8.69e-05,"atl_change_percentage":93787.76098,"atl_date":"2015-05-06T00:00:00.000Z","roi":null,"last_updated":"2024-01-14T19:10:08.347Z"},{"id":"polkadot","symbol":"dot","name":"Polkadot","image":"https://assets.coingecko.com/coins/images/12171/large/polkadot.png?1696512008","current_price":7.6,"market_cap":10021072315,"market_cap_rank":12,"fully_diluted_valuation":10636184411,"total_volume":160115097,"high_24h":7.68,"low_24h":7.47,"price_change_24h":-0.0810838032818788,"price_change_percentage_24h":-1.0554,"market_cap_change_24h":-88465849.21517372,"market_cap_change_percentage_24h":-0.87507,"circulating_supply":1318779328.38351,"total_supply":1399728461.41961,"max_supply":null,"ath":54.98,"ath_change_percentage":-86.18633,"ath_date":"2021-11-04T14:10:09.301Z","atl":2.7,"atl_change_percentage":181.5573,"atl_date":"2020-08-20T05:48:11.359Z","roi":null,"last_updated":"2024-01-14T19:10:07.709Z"},{"id":"tron","symbol":"trx","name":"TRON","image":"https://assets.coingecko.com/coins/images/1094/large/tron-logo.png?1696502193","current_price":0.113057,"market_cap":9958002242,"market_cap_rank":13,"fully_diluted_valuation":9958009687,"total_volume":549772246,"high_24h":0.117489,"low_24h":0.1127,"price_change_24h":-0.000755623156846533,"price_change_percentage_24h":-0.66392,"market_cap_change_24h":-80339697.90982056,"market_cap_change_percentage_24h":-0.80033,"circulating_supply":88237153865.6058,"total_supply":88237219830.5768,"max_supply":null,"ath":0.231673,"ath_change_percentage":-51.24946,"ath_date":"2018-01-05T00:00:00.000Z","atl":0.00180434,"atl_change_percentage":6159.44188,"atl_date":"2017-11-12T00:00:00.000Z","roi":{"times":58.503526355595156,"currency":"usd","percentage":5850.352635559516},"last_updated":"2024-01-14T19:10:20.850Z"},{"id":"chainlink","symbol":"link","name":"Chainlink","image":"https://assets.coingecko.com/coins/images/877/large/chainlink-new-logo.png?1696502009","current_price":15.19,"market_cap":8615253154,"market_cap_rank":14,"fully_diluted_valuation":15165030081,"total_volume":639501130,"high_24h":15.33,"low_24h":14.26,"price_change_24h":0.926473,"price_change_percentage_24h":6.49556,"market_cap_change_24h":533287350,"market_cap_change_percentage_24h":6.59849,"circulating_supply":568099971.3083414,"total_supply":1000000000.0,"max_supply":1000000000.0,"ath":52.7,"ath_change_percentage":-71.22202,"ath_date":"2021-05-10T00:13:57.214Z","atl":0.148183,"atl_change_percentage":10133.96423,"atl_date":"2017-11-29T00:00:00.000Z","roi":null,"last_updated":"2024-01-14T19:10:19.028Z"},{"id":"the-open-network","symbol":"ton","name":"Toncoin","image":"https://assets.coingecko.com/coins/images/17980/large/ton_symbol.png?1696517498","current_price":2.37,"market_cap":8173707955,"market_cap_rank":15,"fully_diluted_valuation":12062228950,"total_volume":79339495,"high_24h":2.37,"low_24h":2.08,"price_change_24h":0.269462,"price_change_percentage_24h":12.82245,"market_cap_change_24h":849657934,"market_cap_change_percentage_24h":11.60093,"circulating_supply":3456684810.34386,"total_supply":5101151621.63153,"max_supply":null,"ath":5.29,"ath_change_percentage":-55.26308,"ath_date":"2021-11-12T06:50:02.476Z","atl":0.519364,"atl_change_percentage":355.73809,"atl_date":"2021-09-21T00:33:11.092Z","roi":null,"last_updated":"2024-01-14T19:10:15.730Z"},{"id":"matic-network","symbol":"matic","name":"Polygon","image":"https://assets.coingecko.com/coins/images/4713/large/polygon.png?1698233745","current_price":0.864507,"market_cap":8020984104,"market_cap_rank":16,"fully_diluted_valuation":8640561097,"total_volume":302297837,"high_24h":0.886271,"low_24h":0.863304,"price_change_24h":-0.017204934606204317,"price_change_percentage_24h":-1.95131,"market_cap_change_24h":-155061762.57773876,"market_cap_change_percentage_24h":-1.89654,"circulating_supply":9282943566.203985,"total_supply":10000000000.0,"max_supply":10000000000.0,"ath":2.92,"ath_change_percentage":-70.35611,"ath_date":"2021-12-27T02:08:34.307Z","atl":0.00314376,"atl_change_percentage":27398.71947,"atl_date":"2019-05-10T00:00:00.000Z","roi":{"times":327.7099881813352,"currency":"usd","percentage":32770.998818133514},"last_updated":"2024-01-14T19:10:23.887Z"},{"id":"wrapped-bitcoin","symbol":"wbtc","name":"Wrapped Bitcoin","image":"https://assets.coingecko.com/coins/images/7598/large/wrapped_bitcoin_wbtc.png?1696507857","current_price":42840,"market_cap":6769869858,"market_cap_rank":17,"fully_diluted_valuation":6769869858,"total_volume":236356126,"high_24h":43105,"low_24h":42598,"price_change_24h":54.38,"price_change_percentage_24h":0.12709,"market_cap_change_24h":4646760,"market_cap_change_percentage_24h":0.06869,"circulating_supply":158168.98879455,"total_supply":158168.98879455,"max_supply":158168.98879455,"ath":70643,"ath_change_percentage":-39.39115,"ath_date":"2021-11-10T14:40:19.650Z","atl":3139.17,"atl_change_percentage":1263.93083,"atl_date":"2019-04-02T00:00:00.000Z","roi":null,"last_updated":"2024-01-14T19:10:26.000Z"},{"id":"internet-computer","symbol":"icp","name":"Internet Computer","image":"https://assets.coingecko.com/coins/images/14495/large/Internet_Computer_logo.png?1696514180","current_price":13.06,"market_cap":5926297631,"market_cap_rank":18,"fully_diluted_valuation":6678639400,"total_volume":230293872,"high_24h":13.91,"low_24h":12.73,"price_change_24h":0.209148,"price_change_percentage_24h":1.62731,"market_cap_change_24h":112437694,"market_cap_change_percentage_24h":1.93396,"circulating_supply":455426705.4078,"total_supply":513242993.823276,"max_supply":null,"ath":700.65,"ath_change_percentage":-98.14311,"ath_date":"2021-05-10T16:05:53.653Z","atl":2.87,"atl_change_percentage":354.10715,"atl_date":"2023-09-22T00:29:57.369Z","roi":null,"last_updated":"2024-01-14T19:10:32.912Z"},{"id":"shiba-inu","symbol":"shib","name":"Shiba Inu","image":"https://assets.coingecko.com/coins/images/11939/large/shiba.png?1696511800","current_price":9.84e-06,"market_cap":5796211600,"market_cap_rank":19,"fully_diluted_valuation":9835888694,"total_volume":103491068,"high_24h":9.99e-06,"low_24h":9.79e-06,"price_change_24h":-7.0881668922e-08,"price_change_percentage_24h":-0.71518,"market_cap_change_24h":-29880742.32968235,"market_cap_change_percentage_24h":-0.51288,"circulating_supply":589281731608541.4,"total_supply":999982388650843.0,"max_supply":null,"ath":8.616e-05,"ath_change_percentage":-88.58914,"ath_date":"2021-10-28T03:54:55.568Z","atl":5.6366e-11,"atl_change_percentage":17441960.65138,"atl_date":"2020-11-28T11:26:25.838Z","roi":null,"last_updated":"2024-01-14T19:10:28.222Z"},{"id":"litecoin","symbol":"ltc","name":"Litecoin","image":"https://assets.coingecko.com/coins/images/2/large/litecoin.png?1696501400","current_price":71.47,"market_cap":5283603035,"market_cap_rank":20,"fully_diluted_valuation":5990028731,"total_volume":471630086,"high_24h":72.36,"low_24h":71.04,"price_change_24h":-0.5431891979576022,"price_change_percentage_24h":-0.75424,"market_cap_change_24h":-25272651.9943285,"market_cap_change_percentage_24h":-0.47605,"circulating_supply":74093576.9834713,"total_supply":84000000.0,"max_supply":84000000.0,"ath":410.26,"ath_change_percentage":-82.60945,"ath_date":"2021-05-10T03:13:07.904Z","atl":1.15,"atl_change_percentage":6110.29068,"atl_date":"2015-01-14T00:00:00.000Z","roi":null,"last_updated":"2024-01-14T19:10:07.887Z"}]