{
  "project_info": {
    "project_number": "255461093899",
    "project_id": "spendaciun-23439",
    "storage_bucket": "spendaciun-23439.appspot.com"
  },
  "client": [
    {
      "client_info": {
        "mobilesdk_app_id": "1:255461093899:android:96c4498aa95527cc040d0e",
        "android_client_info": {
          "package_name": "it.unimib.spendaciun"
        }
      },
      "oauth_client": [],
      "api_key": [
        {
          "current_key": "AIzaSyC9K88po6FCcwC03njwJ6XmJ1_rsuU82GA"
        }
      ],
      "services": {
        "appinvite_service": {
          "other_platform_oauth_client": []
        }
      }
    }
  ],
  "configuration_version": "1"
}